z_form,pdf
0.36569344588228914,0.08050044911041451
0.4050407536059719,0.08224763419911052
0.4443880613296547,0.08400619796700556
0.48373536905333747,0.0857750827838002
0.5230826767770203,0.08755319701480384
0.562429984500703,0.08933941606542907
0.6017772922243858,0.09113258351216047
0.6411245999480686,0.09293151231887607
0.6804719076717514,0.0947349861371343
0.7198192153954341,0.09654176068877483
0.7591665231191169,0.09835056522891784
0.7985138308427997,0.10016010408718422
0.8378611385664826,0.10196905828470011
0.8772084462901654,0.103776087224194
0.9165557540138481,0.10557983045024395
0.9559030617375309,0.10737890947648858
0.9952503694612137,0.10917192967637682
1.0345976771848964,0.11095748223380276
1.0739449849085791,0.11273414614975007
1.113292292632262,0.11450049030085942
1.1526396003559447,0.11625507554563247
1.1919869080796275,0.11799645687379476
1.2313342158033103,0.11972318559416632
1.270681523526993,0.12143381155622213
1.310028831250676,0.12312688540037622
1.3493761389743588,0.124800960831889
1.3887234466980416,0.126454596913175
1.4280707544217244,0.12808636036918697
1.4674180621454072,0.12969482790046294
1.50676536986909,0.13127858849835153
1.5461126775927727,0.13283624575688
1.5854599853164555,0.13436642017568942
1.6248072930401383,0.13586775144844654
1.664154600763821,0.1373389007311405
1.7035019084875038,0.1387785528846897
1.7428492162111866,0.14018541868632214
1.7821965239348694,0.14155823700424494
1.8215438316585522,0.14289577693019306
1.860891139382235,0.14419683986453596
1.9002384471059177,0.14546026154872932
1.9395857548296005,0.14668491404002557
1.9789330625532833,0.14786970762349677
2.0182803702769663,0.14901359265658407
2.0576276780006486,0.15011556134156134
2.096974985724332,0.15117464942149145
2.136322293448014,0.15218993779545686
2.1756696011716974,0.1531605540490662
2.2150169088953797,0.15408567389646893
2.254364216619063,0.15496452253035467
2.2937115243427457,0.155796375876669
2.3330588320664285,0.15658056175104332
2.3724061397901113,0.15731646091421175
2.411753447513794,0.1580035080239718
2.451100755237477,0.1586411924815367
2.4904480629611596,0.1592290591704255
2.5297953706848424,0.15976670908633897
2.569142678408525,0.16025379985677715
2.608489986132208,0.16069004614946475
2.6478372938558907,0.1610752199689613
2.6871846015795735,0.1614091508411469
2.7265319093032563,0.16169172588558697
2.765879217026939,0.1619228897760884
2.805226524750622,0.16210264459006982
2.8445738324743046,0.16223104954767206
2.8839211401979874,0.1623082206418345
2.92326844792167,0.16233433016085688
2.962615755645353,0.16230960610525327
3.0019630633690357,0.16223433150098385
3.0413103710927185,0.16210884361141933
3.0806576788164013,0.1619335330506547
3.120004986540084,0.1617088428010387
3.159352294263767,0.16143526713802198
3.1986996019874496,0.16111335046565628
3.2380469097111324,0.16074368606628778
3.277394217434815,0.1603269147681902
3.316741525158498,0.1598637235350663
3.3560888328821807,0.15935484398152253
3.3954361406058635,0.1588010508187721
3.4347834483295463,0.15820316023496925
3.474130756053229,0.15756202821469797
3.513478063776912,0.1568785488022512
3.5528253715005946,0.15615365231342831
3.5921726792242774,0.15538830350065774
3.63151998694796,0.15458349967630983
3.670867294671643,0.153740268799114
3.7102146023953257,0.15285966752861904
3.7495619101190085,0.1519427792526509
3.7889092178426913,0.15099071209271803
3.828256525566374,0.15000459689229617
3.867603833290057,0.14898558519289123
3.9069511410137396,0.1479348472027295
3.9462984487374224,0.1468535697628636
3.985645756461105,0.14574295431540313
4.0249930641847875,0.14460421487849165
4.064340371908471,0.1434385760325483
4.103687679632154,0.14224727092217584
4.143034987355836,0.14103153927801287
4.1823822950795195,0.1397926254626702
4.221729602803203,0.13853177654474275
4.261076910526885,0.13725024040473424
4.300424218250567,0.13594926387656422
4.339771525974251,0.13463009092815625
4.379118833697934,0.13329396088442444
4.418466141421616,0.13194210669578976
4.4578134491452985,0.13057575325516632
4.497160756868981,0.1291961157661607
4.536508064592665,0.12780439816502787
4.575855372316347,0.12640179159872358
4.61520268004003,0.12498947296118737
4.654549987763712,0.12356860348978509
4.693897295487396,0.12214032742362949
4.733244603211078,0.12070577072529276
4.772591910934761,0.11926603986721541
4.811939218658443,0.11782222068391277
4.851286526382127,0.11637537729087594
4.8906338341058095,0.11492655107086441
4.929981141829492,0.11347675972808917
4.969328449553174,0.11202699641059438
5.008675757276858,0.1105782289009558
5.048023065000541,0.10913139887523085
5.087370372724223,0.10768742122991819
5.126717680447905,0.10624718347651284
5.166064988171589,0.10481154520307685
5.205412295895272,0.10338133760208851
5.244759603618954,0.10195736306367936
5.284106911342636,0.10054039483322781
5.3234542190663205,0.09913117673213821
5.362801526790003,0.09773042294050907
5.402148834513685,0.096338817840271
5.441496142237369,0.09495701591726584
5.480843449961052,0.09358564172063281
5.520190757684734,0.09222528987777195
5.559538065408416,0.09087652516307007
5.5988853731321,0.08953988261849452
5.638232680855783,0.08821586772409071
5.677579988579465,0.08690495661635636
5.716927296303147,0.0856075963524147
5.7562746040268316,0.08432420521786038
5.795621911750514,0.08305517307611684
5.834969219474196,0.08180086175711244
5.874316527197879,0.08056160548306264
5.913663834921563,0.07933771132912944
5.953011142645245,0.07812945971672226
5.992358450368927,0.07693710493720393
6.03170575809261,0.0757608757037721
6.071053065816294,0.07460097572929744
6.110400373539976,0.07345758432792023
6.1497476812636584,0.07233085703822884
6.189094988987341,0.07122092626587596
6.228442296711025,0.07012790194352037
6.267789604434707,0.06905187220602374
6.30713691215839,0.06799290407887361
6.346484219882072,0.0669510441778541
6.385831527605756,0.06592631941803528
6.425178835329438,0.06491873773020905
6.464526143053121,0.06392828878295584
6.503873450776803,0.06295494470858941
6.543220758500487,0.06199866083128841
6.5825680662241695,0.06105937639579079
6.621915373947852,0.06013701529509202
6.661262681671534,0.059231486795659885
6.700609989395218,0.05834268625874578
6.739957297118901,0.0574704958564456
6.779304604842583,0.0566147852812327
6.818651912566265,0.05577541244775983
6.857999220289949,0.054952224185796636
6.897346528013632,0.05414505692324293
6.936693835737314,0.0533537373582284
6.976041143460996,0.05257808311938167
7.0153884511846805,0.05181790341342056
7.054735758908363,0.051072999659285925
7.094083066632045,0.05034316610810854
7.1334303743557275,0.04962819044836665
7.172777682079412,0.04892785439565615
7.212124989803094,0.04824193426656016
7.251472297526776,0.047570201536165875
7.290819605250459,0.04691242337883852
7.330166912974143,0.04626836319191906
7.369514220697825,0.045637781102070285
7.408861528421507,0.04502043445404865
7.44820883614519,0.04441607828173374
7.487556143868874,0.04382446576129485
7.526903451592556,0.04324534864642429
7.5662507593162385,0.04267847768561081
7.605598067039921,0.04212360302147137
7.644945374763605,0.041580474572199405
7.684292682487287,0.041048842395227346
7.72363999021097,0.040528457033236695
7.762987297934652,0.040019069842684454
7.802334605658336,0.039520433305045254
7.841681913382018,0.039032301320999344
7.881029221105701,0.038554429487823255
7.920376528829385,0.0380865753602663
7.959723836553067,0.03762849869521846
7.9990711442767495,0.03717996168049659
8.038418452000432,0.03674072914809581
8.077765759724116,0.036310568772269014
8.117113067447798,0.03588925125281385
8.15646037517148,0.03547655048395913
8.195807682895163,0.035072243709255456
8.235154990618847,0.03467611166288368
8.27450229834253,0.03428793869780449
8.313849606066212,0.033907512901178244
8.353196913789894,0.033534626197490335
8.392544221513578,0.03316907443982106
8.43189152923726,0.032810657489701654
8.471238836960943,0.03245917928599932
8.510586144684627,0.032114447903274855
8.54993345240831,0.0317762756000551
8.589280760131992,0.03144447885746012
8.628628067855674,0.0311188784086232
8.667975375579358,0.030799299259336478
8.70732268330304,0.030485570700351388
8.746669991026723,0.030177526311756814
8.786017298750405,0.029875003959852178
8.82536460647409,0.02957784578692535
8.864711914197771,0.0292858981943381
8.904059221921454,0.0289990118193134
8.943406529645136,0.02871704150581088
8.98275383736882,0.028439846269867126
9.022101145092503,0.028167289259768857
9.061448452816185,0.027899237711416655
9.100795760539867,0.02763556289922758
9.140143068263551,0.02737614008291445
9.179490375987234,0.027120848450469182
9.218837683710916,0.026869571057667196
9.258184991434598,0.026622194764399063
9.297532299158282,0.026378610168124986
9.336879606881965,0.026138711534736788
9.376226914605647,0.025902396727101113
9.41557422232933,0.025669567131547187
9.454921530053014,0.025440127582551226
9.494268837776696,0.025213986285859233
9.533616145500378,0.024991054740279055
9.57296345322406,0.02477124765836226
9.612310760947745,0.024554482886185943
9.651658068671427,0.024340681322434377
9.69100537639511,0.024129766836970237
9.730352684118792,0.023921666189075427
9.769699991842476,0.02371630894553186
9.809047299566158,0.023513627398702774
9.84839460728984,0.023313556484766285
9.887741915013523,0.02311603370224352
9.927089222737207,0.02292099903095517
9.96643653046089,0.022728394851531386
10.005783838184572,0.022538165865591816
10.045131145908254,0.0223502590167046
10.084478453631938,0.022164623412225182
10.12382576135562,0.02198121024610799
10.163173069079303,0.021799972722777353
10.202520376802985,0.021620865982136295
10.24186768452667,0.02144384702578551
10.281214992250352,0.021268874644518092
10.320562299974034,0.021095909347149163
10.359909607697716,0.020924913290734058
10.3992569154214,0.02075585021222215
10.438604223145083,0.020588685361588647
10.477951530868765,0.020423385436480784
10.517298838592449,0.020259918518410268
10.556646146316131,0.020098254010518825
10.595993454039814,0.01993836257693887
10.635340761763496,0.01978021608376762
10.67468806948718,0.019623787541668235
10.714035377210863,0.019469051050107995
10.753382684934545,0.019315981743239747
10.792729992658227,0.01916455573742938
10.832077300381911,0.0190147500804289
10.871424608105594,0.018866542702191465
10.910771915829276,0.018719912367321883
10.950119223552958,0.018574838629153538
10.989466531276642,0.018431301785439943
11.028813839000325,0.018289282835646972
11.068161146724007,0.018148763439829445
11.10750845444769,0.018009725879074064
11.146855762171374,0.01787215301748834
11.186203069895056,0.0177360282657139
11.225550377618738,0.017601335545940736
11.26489768534242,0.01746805925839757
11.304244993066105,0.017336184249292282
11.343592300789787,0.017205695780175116
11.38293960851347,0.017076579498696263
11.422286916237152,0.01694882141072872
11.461634223960836,0.01682240785382618
11.500981531684518,0.016697325471985283
11.5403288394082,0.016573561191680658
11.579676147131883,0.01645110219914102
11.619023454855567,0.01632993591883378
11.65837076257925,0.016210049993125555
11.697718070302932,0.01609143226308547
11.737065378026614,0.015974070750398302
11.776412685750298,0.015857953640353945
11.81575999347398,0.01574306926588005
11.855107301197663,0.01562940609258442
11.894454608921345,0.015516952704773981
11.933801916645029,0.015405697792417256
11.973149224368711,0.015295630139017356
12.012496532092394,0.01518673861036289
12.051843839816076,0.015079012144124387
12.09119114753976,0.014972439740264168
12.130538455263443,0.01486701045222799
12.169885762987125,0.014762713378887102
12.209233070710807,0.014659537657200008
12.248580378434491,0.014557472455563361
12.287927686158174,0.014456506967822233
12.327274993881856,0.01435663040791035
12.366622301605538,0.014257832005091377
12.405969609329222,0.014160100999773164
12.445316917052905,0.014063426639867059
12.484664224776587,0.013967798177665367
12.52401153250027,0.013873204867210349
12.563358840223954,0.013779635962129003
12.602706147947636,0.01368708071390841
12.642053455671318,0.013595528370586932
12.681400763395,0.01350496817583756
12.720748071118685,0.013415389368419935
12.760095378842367,0.013326781181978605
12.79944268656605,0.013239132845165395
12.838789994289732,0.013152433582064815
12.878137302013416,0.013066672612901694
12.917484609737098,0.012981839155011223
12.95683191746078,0.01289792242405202
12.996179225184465,0.012814911635443642
13.035526532908147,0.012732796006010523
13.07487384063183,0.012651564755815
13.114221148355512,0.012571207110162746
13.153568456079196,0.012491712301764537
13.192915763802878,0.01241306957303891
13.23226307152656,0.012335268178540897
13.271610379250243,0.01225829738750266
13.310957686973927,0.012182146486472343
13.35030499469761,0.012106804782038258
13.389652302421291,0.012032261603625792
13.428999610144974,0.011958506306355346
13.468346917868658,0.011885528273949885
13.50769422559234,0.011813316921681385
13.547041533316023,0.011741861699345974
13.586388841039705,0.011671152094258017
13.625736148763389,0.011601177634254
13.665083456487071,0.011531927890697534
13.704430764210754,0.011463392481477238
13.743778071934436,0.011395561073989828
13.78312537965812,0.011328423388101097
13.822472687381802,0.01126196919907805
13.861819995105485,0.011196188340485696
13.901167302829167,0.011131070707042678
13.940514610552851,0.011066606257430089
13.979861918276534,0.011002785017048449
14.019209226000216,0.010939597080717872
14.058556533723898,0.010877032615317302
14.097903841447582,0.01081508186235859
14.137251149171265,0.010753735140491827
14.176598456894947,0.010692982847938464
14.21594576461863,0.01063281546484941
14.255293072342313,0.010573223555585149
14.294640380065996,0.010514197770915657
14.333987687789678,0.010455728850137817
14.37333499551336,0.010397807623108605
14.412682303237045,0.010340425012192372
14.452029610960727,0.010283572034120943
14.49137691868441,0.010227239801765346
14.530724226408092,0.010171419525818334
14.570071534131776,0.010116102516387119
14.609418841855458,0.010061280184495695
14.64876614957914,0.01000694404349669
14.688113457302823,0.009953085710392526
14.727460765026507,0.009899696907066127
14.76680807275019,0.009846769461421344
14.806155380473871,0.009794295308433629
14.845502688197554,0.009742266491111503
14.884849995921238,0.00969067516136954
14.92419730364492,0.009639513580813787
14.963544611368603,0.009588774121440503
15.002891919092285,0.009538449266249468
15.042239226815969,0.009488531609772907
15.081586534539651,0.009439013858521474
15.120933842263334,0.009389888831348628
15.160281149987016,0.009341149459734894
15.1996284577107,0.009292788787993589
15.238975765434382,0.009244799973399685
15.278323073158065,0.009197176286243407
15.317670380881747,0.009149911109810444
15.357017688605431,0.009102997940290526
15.396364996329114,0.009056430386616241
15.435712304052796,0.009010202170233973
15.47505961177648,0.00896430712480895
15.514406919500162,0.008918739195866342
15.553754227223845,0.008873492440370355
15.593101534947527,0.008828561026243461
15.632448842671211,0.008783939231827657
15.671796150394893,0.00873962144528992
15.711143458118576,0.00869560216397382
15.750490765842258,0.00865187599369941
15.789838073565942,0.008608437648013435
15.829185381289625,0.00856528194739188
15.868532689013307,0.00852240381839701
15.90787999673699,0.008479798292790802
15.947227304460673,0.008437460506606938
15.986574612184356,0.00839538569918327
16.025921919908036,0.008353569212156816
16.06526922763172,0.00831200648842322
16.104616535355404,0.008270693071062714
16.143963843079085,0.008229624602234375
16.18331115080277,0.008188796822040717
16.22265845852645,0.008148205567364434
16.262005766250134,0.008107846770679104
16.301353073973818,0.008067716458835765
16.3407003816975,0.008027810751827052
16.380047689421183,0.007988125861530661
16.419394997144867,0.007948658090433927
16.458742304868547,0.007909403830341073
16.49808961259223,0.00787035956106484
16.537436920315916,0.00783152184910411
16.576784228039596,0.007792887346308999
16.61613153576328,0.007754452788535028
16.655478843486964,0.007716214994287822
16.694826151210645,0.007678170863359716
16.73417345893433,0.007640317375459749
16.77352076665801,0.007602651588838386
16.812868074381694,0.007565170638908179
16.852215382105378,0.007527871736861805
16.89156268982906,0.007490752168288572
16.930909997552742,0.007453809291790614
16.970257305276427,0.007417040537599986
17.009604613000107,0.0073804434061976515
17.04895192072379,0.0073440154669355
17.08829922844747,0.007307754356662411
17.127646536171156,0.0072716577783552795
17.16699384389484,0.00723572349975603
17.20634115161852,0.007199949352015454
17.245688459342205,0.007164333228344704
17.28503576706589,0.007128873082675383
17.32438307478957,0.007093566928328862
17.363730382513253,0.007058412836695629
17.403077690236934,0.007023408935925444
17.442424997960618,0.006988553409628799
17.481772305684302,0.006953844495590498
17.521119613407983,0.006919280484495807
17.560466921131667,0.006884859718669802
17.59981422885535,0.0068505805908304325
17.63916153657903,0.006816441542855797
17.678508844302716,0.00678244106456603
17.717856152026396,0.00674857769252033
17.75720345975008,0.006714850008829415
17.796550767473764,0.006681256639983864
17.835898075197445,0.006647796255698615
17.87524538292113,0.006614467567773921
17.914592690644813,0.006581269328973138
17.953939998368494,0.0065482003319174385
17.993287306092178,0.006515259407997831
18.032634613815862,0.006482445426304577
18.071981921539543,0.006449757292574228
18.111329229263227,0.006417193948154426
18.150676536986907,0.0063847543689865794
18.19002384471059,0.006352437564606536
18.229371152434275,0.006320242577163336
18.268718460157956,0.0062881684804560935
18.30806576788164,0.006256214378989057
18.347413075605324,0.00622437940704488
18.386760383329005,0.006192662727776097
18.42610769105269,0.006161063532314781
18.46545499877637,0.006129581038900403
18.504802306500054,0.0060982144920257685
18.544149614223738,0.006066963161601063
18.583496921947418,0.006035826342135837
18.622844229671102,0.006004803351938908
18.662191537394786,0.005973893532336084
18.701538845118467,0.00594309624690551
18.74088615284215,0.005912410880730613
18.78023346056583,0.005881836839670455
18.819580768289516,0.0058513735496473224
18.8589280760132,0.00582102045595147
18.89827538373688,0.005790777022562771
18.937622691460565,0.005760642731489134
18.97696999918425,0.005730617082121519
19.01631730690793,0.0057006995906053294
19.055664614631613,0.005670889789227966
19.095011922355294,0.005641187225822413
19.134359230078978,0.005611591463186548
19.173706537802662,0.005582102078518021
19.213053845526343,0.005552718662864472
19.252401153250027,0.005523440820588827
19.29174846097371,0.00549426816884948
19.33109576869739,0.005465200337095112
19.370443076421076,0.0054362369665738874
19.409790384144756,0.0054073777098568275
19.44913769186844,0.005378622230375081
19.488484999592124,0.005349970201970864
19.527832307315805,0.005321421308461823
19.56717961503949,0.005292975243218541
19.606526922763173,0.005264631708755007
19.645874230486854,0.005236390416331706
19.685221538210538,0.005208251085571141
19.72456884593422,0.005180213444085544
19.763916153657902,0.005152277227116441
19.803263461381587,0.005124442177185944
19.842610769105267,0.005096708043759402
19.88195807682895,0.005069074582919229
19.921305384552635,0.005041541557049662
19.960652692276316,0.005014108734532144
20.0,0.004986775889451152
